SMILES,MTase IC50 (micromolar),Delta Tm - SAH/nsp14 (degrees Celsius),Cell EC50 (micromolar)
COc1ccccc1CNC(=O)c1cc(S(=O)(=O)N2CCC(C)CC2)c(C)n1C,0.313,,
COc1ccccc1CNC(=O)c1cc(S(=O)(=O)N2CCCC2)c(C)n1C,11.6,,
Cc1c(S(=O)(=O)N2CCC(C)CC2)cc(C(=O)NCCc2ccc(Cl)cc2)n1C,1.62,,
Cc1c(S(=O)(=O)N2CCC(Cc3ccccc3)CC2)cc(C(=O)N2CCCCC2)n1C,50,,
Cc1c(S(=O)(=O)N2CCOCC2)cc(C(=O)N2CCCC2)n1C,50,,
Cc1c(S(=O)(=O)N2CCC(C)CC2)c(C)n(C)c1C(=O)NCCc1cccs1,50,,
Cc1c(S(=O)(=O)N2CCC(C)CC2)c(C)n(C)c1C(=O)NCc1cccs1,50,,
Cc1c(S(=O)(=O)N2CCC(C)CC2)cc(C(=O)NC2CCCCCC2)n1C,50,,
Cc1c(S(=O)(=O)N2CCC(C)CC2)cc(C(=O)N2CCc3ccccc32)n1C,50,,
COc1ccc(OC)c(NC(=O)c2cc(S(=O)(=O)N3CCC(C)CC3)c(C)n2C)c1,50,,
Cn1cc(S(=O)(=O)N2CCCCCC2)cc1C(=O)NCc1ccccc1Cl,50,,
Cc1ccccc1CNC(=O)c1cc(S(=O)(=O)N2CCC(C)CC2)c(C)n1C,0.251,,
Cc1c(S(=O)(=O)N2CCC(C)CC2)cc(C(=O)NCc2ccccc2Cl)n1C,0.497,,
COc1cccc(CNC(=O)c2cc(S(=O)(=O)N3CCC(C)CC3)c(C)n2C)c1,0.253,2.2,
Cc1cccc(CNC(=O)c2cc(S(=O)(=O)N3CCC(C)CC3)c(C)n2C)c1,0.668,,
COc1ccc(CNC(=O)c2cc(S(=O)(=O)N3CCC(C)CC3)c(C)n2C)cc1,0.612,4.3,
Cc1c(S(=O)(=O)N2CCC(C)CC2)cc(C(=O)NCc2ccccc2)n1C,0.575,3.85,
CCOc1ccccc1CNC(=O)c1cc(S(=O)(=O)N2CCCCC2)c(C)n1C,1.78,,
Cc1c(S(=O)(=O)N2CCC(C)CC2)cc(C(=O)NC2CCCC2)n1C,1.47,3.9,
Cc1c(S(=O)(=O)N2CCC(C)CC2)cc(C(=O)NC2CCC(C)CC2)n1C,3.7,,
COc1ccccc1CNC(=O)c1cc(S(=O)(=O)N2CCCCC2)c(C)n1C,2.3,2.7,
CCOc1ccc(CNC(=O)c2cc(S(=O)(=O)N3CCCCC3)c(C)n2C)cc1,7.69,,
Cc1c(S(=O)(=O)N2CCCCC2)cc(C(=O)NCc2ccccc2)n1C,21.5,,
Cc1c(S(=O)(=O)N2CCC(C)CC2)cc(C(=O)NCCc2ccccc2)n1C,30.9,,
Cc1c(S(=O)(=O)N2CCC(C)CC2)cc(C(=O)NCCCc2ccccc2)n1C,37.7,,
Cc1c(S(=O)(=O)N2CCCCC2)cc(C(=O)NC2CCC(C)CC2)n1C,38.1,,
COc1ccccc1CNC(=O)c1cc(S(=O)(=O)N2CCC(C)CC2)cn1C,40.5,,
Cc1c(S(=O)(=O)N2CCCC2)cc(C(=O)NCc2ccccc2Cl)n1C,43.1,,
Cc1c(S(=O)(=O)N2CCOCC2)cc(C(=O)N2CCCCC2)n1C,50,,
Cc1c(S(=O)(=O)N2CCC(C)CC2)cc(C(=O)Nc2ccccc2)n1C,50,,
Cc1c(S(=O)(=O)N2CCC(C)CC2)cc(C(=O)N2CCc3ccccc3C2)n1C,50,,
COc1ccccc1CNC(=O)c1cc(S(=O)(=O)N2CCCCCC2)cn1C,50,,
COc1ccccc1CNC(=O)c1cc(S(=O)(=O)N2CCCC(C)C2)cn1C,50,,
COc1ccccc1CNC(=O)c1cc(S(=O)(=O)N2CCCCC2)cn1C,50,,
COc1ccc(NC(=O)c2cc(S(=O)(=O)N3CCC(C)CC3)c(C)n2C)c(OC)c1,50,,
COc1cccc(NC(=O)c2cc(S(=O)(=O)N3CCC(C)CC3)c(C)n2C)c1,50,,
COc1ccc(NC(=O)c2cc(S(=O)(=O)N3CCC(C)CC3)c(C)n2C)cc1,50,,
Cc1c(S(=O)(=O)N2CCC(C)CC2)cc(C(=O)Nc2cccc(Cl)c2)n1C,50,,
Cc1c(S(=O)(=O)N2CCC(C)CC2)cc(C(=O)Nc2ccc(Cl)cc2)n1C,50,,
COc1cc(NC(=O)c2cc(S(=O)(=O)N3CCC(C)CC3)c(C)n2C)cc(OC)c1,50,,
Cc1c(S(=O)(=O)N2CCC(C)CC2)cc(C(=O)Nc2cccc(F)c2)n1C,50,,
Cc1ccc(NC(=O)c2cc(S(=O)(=O)N3CCC(C)CC3)c(C)n2C)c(C)c1,50,,
Cc1ccc(NC(=O)c2cc(S(=O)(=O)N3CCC(C)CC3)c(C)n2C)cc1,50,,
Cc1c(S(=O)(=O)N2CCC(C)CC2)cc(C(=O)Nc2cccc3ccccc23)n1C,50,,
Cc1cccc(NC(=O)c2cc(S(=O)(=O)N3CCC(C)CC3)c(C)n2C)c1,50,,
Cc1c(S(=O)(=O)N2CCC(C)CC2)cc(C(=O)NC2CCCCC2)n1C,50,,
Cc1ccc(CNC(=O)c2cc(S(=O)(=O)N3CCC(C)CC3)c(C)n2C)cc1,50,,
Cc1c(S(=O)(=O)N2CCC(C)CC2)cc(C(=O)NCc2ccc(F)cc2)n1C,50,,
Cc1c(S(=O)(=O)N2CCCCC2)cc(C(=O)Nc2ccccc2)n1C,50,,
COc1ccc(OC)c(CNC(=O)c2cc(S(=O)(=O)N3CCCCC3)c(C)n2C)c1,50,,
Cc1c(S(=O)(=O)N2CCCCC2)cc(C(=O)NCc2ccc(N(C)C)cc2)n1C,50,,
Cc1c(S(=O)(=O)N2CCCCC2)cc(C(=O)N(C)Cc2ccccc2)n1C,50,,
Cc1c(S(=O)(=O)N2CCCCC2)cc(C(=O)NCCc2ccccc2)n1C,50,,
Cc1c(S(=O)(=O)N2CCCCC2)cc(C(=O)NCC(C)c2ccccc2)n1C,50,,
Cc1c(S(=O)(=O)N2CCCCC2)cc(C(=O)NCCc2ccc(Cl)cc2)n1C,50,,
COc1ccc(CCNC(=O)c2cc(S(=O)(=O)N3CCCCC3)c(C)n2C)cc1OC,50,,
Cc1c(S(=O)(=O)N2CCCCC2)cc(C(=O)NC2CCN(Cc3ccccc3)CC2)n1C,50,,
Cc1c(S(=O)(=O)N2CCCCC2)cc(C(=O)NCCC2=CCCCC2)n1C,50,,
Cc1c(S(=O)(=O)N2CCCCC2)cc(C(=O)NC2CCCCCC2)n1C,50,,
Cc1c(S(=O)(=O)N2CCCCC2)cc(C(=O)NC2CCCCCCC2)n1C,50,,
Cc1c(S(=O)(=O)N2CCCCC2)cc(C(=O)NCCCc2ccccc2)n1C,50,,
Cc1c(S(=O)(=O)N2CCCCC2)cc(C(=O)NC2CC2)n1C,50,,
Cc1c(S(=O)(=O)N2CCC(C)CC2)cc(C(=O)N2CCCCC2)n1C,50,,
Cc1c(S(=O)(=O)N2CCCC2)cc(C(=O)NCc2ccccc2)n1C,50,,
CNC(=O)c1cc(S(=O)(=O)N2CCCCC2)cn1C,50,,
CNS(=O)(=O)c1cc(C(=O)NCc2ccccc2OC)n(C)c1,50,,
COc1ccccc1CNC(=O)c1cc(S(=O)(=O)N2CCOCC2)c(C)n1C,10.9,,
COc1ncccc1CNC(=O)c1cc(S(=O)(=O)N2CCC(C)CC2)c(C)n1C,2.05,,
COc1ccccc1CNC(=O)c1cc(S(=O)(=O)N2CCN(C)CC2)c(C)n1C,27.7,,
COc1ccccc1C(C)NC(=O)c1cc(S(=O)(=O)N2CCC(C)CC2)c(C)n1C,1.41,1.5,
Cc1c(S(=O)(=O)N2CCCC2)cc(C(=O)NCCc2ccc(Cl)cc2)n1C,125,,
COc1ccccc1CNC(=O)c1ccc(S(=O)(=O)N2CCC(C)CC2)s1,125,,
COc1ccccc1CNC(=O)c1[nH]c(C)c(S(=O)(=O)N2CCC(C)CC2)c1C,125,,
COc1ccccc1CNC(=O)c1cc(S(=O)(=O)N2CCCCC2)c[nH]1,125,,
COc1ccccc1CNC(=O)c1ccc(S(=O)(=O)N2CCOCC2)o1,125,,
COc1cccc(CCNC(=O)c2cc(S(=O)(=O)N3CCC(C)CC3)c(C)n2C)c1,4.18,,
COc1ccccc1CNC(=O)c1cc(S(=O)(=O)N2CCS(=O)(=O)CC2)c(C)n1C,20.2,,
Cc1c(S(=O)(=O)N2CCC(C)CC2)cc(C(=O)NCc2cnc3ccccn23)n1C,2.3,,
COc1ccccc1CNC(=O)c1cc(S(=O)(=O)N2CCCC(C)C2)c(C)n1C,1.33,2.8,
Cc1c(S(=O)(=O)N2CCC(C)CC2)cc(C(=O)NCc2ccnn2C)n1C,3.26,,
COc1ccccc1CNC(=O)c1cc(S(=O)(=O)N2CCc3ccccc3C2)c(C)n1C,0.0141,7.95,
Cc1cccc(C)c1CNC(=O)c1cc(S(=O)(=O)N2CCC(C)CC2)c(C)n1C,0.371,,
COc1ccccc1CNC(=O)c1cc(S(=O)(=O)N2CCC(C)(O)CC2)c(C)n1C,125,,
COc1ccccc1CNC(=O)c1cc(S(=O)(=O)N2CCC(C)C2)c(C)n1C,0.686,4,
COc1ccccc1CNC(=O)c1cc(S(=O)(=O)N2CCC(C(F)(F)F)CC2)c(C)n1C,0.278,,
COc1ccccc1CNC(=O)c1cc(S(=O)(=O)N2CCC(OC)CC2)c(C)n1C,9.17,,
COc1ccccc1CNC(=O)c1cc(S(=O)(=O)N2CCC(C)(C)CC2)c(C)n1C,125,,
CCC1CCN(S(=O)(=O)c2cc(C(=O)NCc3ccccc3OC)n(C)c2C)CC1,0.663,3.55,
COc1ccccc1CNC(=O)c1cc(S(=O)(=O)N2CCC(S(C)(=O)=O)CC2)c(C)n1C,125,,
Cc1ncccc1CNC(=O)c1cc(S(=O)(=O)N2CCC(C)CC2)c(C)n1C,2.51,,
Cc1cccnc1CNC(=O)c1cc(S(=O)(=O)N2CCC(C)CC2)c(C)n1C,3.41,,
Cc1c(S(=O)(=O)N2CCC(C)CC2)cc(C(=O)NCc2cnn3ccccc23)n1C,0.309,,
COc1ccccc1CCNC(=O)c1cc(S(=O)(=O)N2CCC(C)CC2)c(C)n1C,2.38,,
Cc1c(S(=O)(=O)N2CCC(C)CC2)cc(C(=O)NCCc2cnn(C)c2)n1C,5.58,,
COc1ccccc1CNC(=O)c1cc(S(=O)(=O)N2CC3CC3C2)c(C)n1C,2.87,,
COCC1CCN(S(=O)(=O)c2cc(C(=O)NCc3ccccc3OC)n(C)c2C)CC1,10.3,,
COc1ccccc1CN(C)C(=O)c1cc(S(=O)(=O)N2CCC(C)CC2)c(C)n1C,125,,
Cc1ccncc1CNC(=O)c1cc(S(=O)(=O)N2CCC(C)CC2)c(C)n1C,0.702,,
Cc1c(S(=O)(=O)N2CCC(C)CC2)cc(C(=O)NCc2ccccc2C#N)n1C,0.216,,
CCOc1ccccc1CNC(=O)c1cc(S(=O)(=O)N2CCC(C)CC2)c(C)n1C,0.137,,
CCn1c(C(=O)NCc2ccccc2OC)cc(S(=O)(=O)N2CCC(C)CC2)c1C,0.0983,6.1,
CCn1c(C(=O)NCCc2ccc(Cl)cc2)cc(S(=O)(=O)N2CCC(C)CC2)c1C,0.677,,
CCn1c(C(=O)NCc2ccccc2C)cc(S(=O)(=O)N2CCC(C)CC2)c1C,0.262,,
Cc1c(S(=O)(=O)N2CCC(C)CC2)cc(C(=O)NCc2ncccc2F)n1C,0.747,,
CCOc1cccc(CNC(=O)c2cc(S(=O)(=O)N3CCC(C)CC3)c(C)n2C)c1,0.0729,3.9,>100
COc1ccccc1CNC(=O)c1cc(S(=O)(=O)N2CCC(C)(C#N)CC2)c(C)n1C,125,,
CCOc1ccccc1CNC(=O)c1cc(S(=O)(=O)N2CCCCC2)c(C)n1CC,1.17,,
COc1ccccc1CNC(=O)c1cc(S(=O)(=O)N2CCN(C)C(=O)C2)c(C)n1C,15.9,,
CCn1c(C(=O)NCc2ccccc2)cc(S(=O)(=O)N2CCCCC2)c1C,1.67,,
COc1ccccc1CNC(=O)c1cc(S(=O)(=O)N2CC3C(C2)C3(C)C)c(C)n1C,125,,
Cc1c(S(=O)(=O)N2CCC(C)CC2)cc(C(=O)NCc2cccc3ccnn23)n1C,1.2,,
COc1ccccc1CNC(=O)c1cc(S(=O)(=O)N2CCC3(CC2)CC3)c(C)n1C,125,,
COc1cnccc1CNC(=O)c1cc(S(=O)(=O)N2CCC(C)CC2)c(C)n1C,0.935,,
COc1cccnc1CNC(=O)c1cc(S(=O)(=O)N2CCC(C)CC2)c(C)n1C,0.878,,
COc1cccc(CNC(=O)c2cc(S(=O)(=O)N3CCC(C)CC3)c(C)n2C)n1,1.04,,
COc1ccccc1CNC(=O)c1cc(S(=O)(=O)N2CCC(N(C)C)CC2)c(C)n1C,125,,
Cc1nccnc1CNC(=O)c1cc(S(=O)(=O)N2CCC(C)CC2)c(C)n1C,1.93,,
COc1ccccc1CNC(=O)c1c(C)c(S(=O)(=O)N2CCC(C)CC2)c(C)n1C,125,,
Cc1c(S(=O)(=O)N2CCC(C)CC2)c(C)n(C)c1C(=O)NCCc1ccc(Cl)cc1,125,,
COc1ccccc1CNC(=O)c1c(C)c(S(=O)(=O)N2CCC(C)CC2)cn1C,125,,
Cc1c(S(=O)(=O)N2CCC(C)CC2)cn(C)c1C(=O)NCCc1ccc(Cl)cc1,125,,
CCOc1ncccc1CNC(=O)c1cc(S(=O)(=O)N2CCC(C)CC2)c(C)n1C,0.351,,
Cc1c(S(=O)(=O)N2CCC(C)CC2)cc(C(=O)NCc2cccnc2O)n1C,17.5,,
Cc1ncncc1CNC(=O)c1cc(S(=O)(=O)N2CCC(C)CC2)c(C)n1C,0.508,,
Cc1c(S(=O)(=O)N2CCC(C)CC2)cc(C(=O)NCc2cccnc2N)n1C,1.29,,
COc1ccccc1CNC(=O)c1cc(S(=O)(=O)NCc2ccccc2)c(C)n1C,125,,
COc1ccccc1CNC(=O)c1cc(S(=O)(=O)N2CCCC(c3ccccc3)C2)c(C)n1C,125,,
Cc1c(S(=O)(=O)N2CCC(C)CC2)cc(C(=O)NCc2ccccc2OC(C)C)n1C,0.203,,
CCc1c(S(=O)(=O)N2CCC(C)CC2)cc(C(=O)NCc2ccccc2C)n1C,1.78,,
Cc1c(S(=O)(=O)N2CCc3ccccc3C2)cc(C(=O)NCc2ccccc2Cl)n1C,0.0665,,
CCc1c(S(=O)(=O)N2CCC(C)CC2)cc(C(=O)NCc2ccccc2OC)n1C,1.76,2,
COc1ncccc1CNC(=O)c1cc(S(=O)(=O)N2CCc3ccccc3C2)c(C)n1C,0.0926,9.1,13.7
Cc1cnccc1CNC(=O)c1cc(S(=O)(=O)N2CCC(C)CC2)c(C)n1C,1.41,,
COc1ccncc1CNC(=O)c1cc(S(=O)(=O)N2CCC(C)CC2)c(C)n1C,0.455,,
COc1ccccc1CNC(=O)c1cc(S(=O)(=O)N(C)CCc2ccccc2)c(C)n1C,125,,
Cc1c(S(=O)(=O)N2CCc3ccccc3C2)cc(C(=O)NCc2ccccc2OC(F)(F)F)n1C,0.117,,
Cc1c(S(=O)(=O)N2CCc3ccccc3C2)cc(C(=O)NCc2ccccc2)n1C,0.126,,
Cc1c(S(=O)(=O)N2CCC(C)CC2)cc(C(=O)NC2CCc3ccccc32)n1C,0.258,,
COc1ccccc1CNC(=O)c1cc(S(=O)(=O)N(C)Cc2ccccc2)c(C)n1C,1.62,,
Cc1c(S(=O)(=O)N2CCc3ccccc3C2)cc(C(=O)NC2CCc3ccccc32)n1C,0.0931,7.6,6.6
Cc1ncccc1CNC(=O)c1cc(S(=O)(=O)N2CCc3ccccc3C2)c(C)n1C,0.129,,
Cc1c(S(=O)(=O)N2CCC(C)CC2)cc(C(=O)NC2Cc3ccccc3C2)n1C,0.0477,2.25,
Cc1c(S(=O)(=O)N2CCc3ccccc3C2)cc(C(=O)NC2Cc3ccccc3C2)n1C,0.0523,9.5,
CCc1c(S(=O)(=O)N2CCC(C)CC2)cc(C(=O)NCCc2ccc(Cl)cc2)n1C,1.21,,
COc1ccccc1CNC(=O)c1cc(S(=O)(=O)N2CCC(c3ccccc3)CC2)c(C)n1C,125,,
Cc1c(S(=O)(=O)N2CCC(C)CC2)cc(C(=O)NCc2ccn[nH]2)n1C,13.8,,
Cc1c(S(=O)(=O)N2CCC(C)CC2)cc(C(=O)NCc2nccn2C)n1C,35.3,,
COc1ccccc1CNC(=O)c1cc(S(=O)(=O)N2Cc3ccccc3C2)c(C)n1C,0.0244,7.2,
COc1ccccc1CNC(=O)c1cc(S(=O)(=O)N2CCC(C(F)F)CC2)c(C)n1C,0.0862,3.5,
COc1ccccc1CNC(=O)c1cc(S(=O)(=O)N2CCc3ncccc3C2)c(C)n1C,0.423,,
COc1ccccc1CNC(=O)c1cc(S(=O)(=O)N2CCc3cnccc3C2)c(C)n1C,0.085,8.7,8.33
COc1ccccc1CNC(=O)c1cc(S(=O)(=O)N2CCc3ccccc3CC2)c(C)n1C,0.901,,
COc1ccccc1CNC(=O)c1cc(S(=O)(=O)N2CCN(c3ccccc3)CC2)c(C)n1C,125,,
COc1ccccc1CNC(=O)c1cc(S(=O)(=O)N2CCC(c3ccccc3)C2)c(C)n1C,125,,
COc1ccccc1CNC(=O)c1cc(S(=O)(=O)N2CCn3cnnc3C2)c(C)n1C,15.6,,
Cc1c(S(=O)(=O)N2CCc3ccccc3C2)cc(C(=O)NC2CCCC2)n1C,0.412,,
COc1ncccc1CNC(=O)c1cc(S(=O)(=O)N2CCC(C(F)(F)F)CC2)c(C)n1C,0.152,,
Cc1c(S(=O)(=O)N2CCc3ccccc3C2)cc(C(=O)NCc2ccccc2OC(F)F)n1C,0.0889,,
COc1ccccc1CNC(=O)c1cc(S(=O)(=O)N2CCc3ncncc3C2)c(C)n1C,1.41,,
COc1ccccc1CNC(=O)c1cc(S(=O)(=O)N2CCc3ccc(C#N)cc3C2)c(C)n1C,0.0747,,
CCOc1ccccc1CNC(=O)c1cc(S(=O)(=O)N2CCCCC2)c(CC)n1C,3.97,,
CCc1c(S(=O)(=O)N2CCCCC2)cc(C(=O)NCc2ccccc2)n1C,125,,
COc1ccccc1CNC(=O)c1cc(S(=O)(=O)N2CCc3cc(Cl)ccc3C2)c(C)n1C,125,,
COc1ccccc1CNC(=O)c1cc(S(=O)(=O)N2CCn3nccc3C2)c(C)n1C,0.0427,7.7,9.03
Cc1c(S(=O)(=O)N2CCc3ccccc3C2)cc(C(=O)NCc2ccccc2C#N)n1C,0.11,,
Cc1nn(C)cc1CNC(=O)c1cc(S(=O)(=O)N2CCc3ccccc3C2)c(C)n1C,1.13,,
Cc1c(S(=O)(=O)N2CCc3ccccc3C2)cc(C(=O)NCc2ccnn2C)n1C,0.292,,
Cc1c(S(=O)(=O)N2CCc3ccccc3C2)cc(C(=O)NCc2nccn2C)n1C,2.49,,
Cc1c(S(=O)(=O)N2CCc3ccccc3C2)cc(C(=O)NCc2ccn[nH]2)n1C,1.3,,
Cc1nn(C)cc1CNC(=O)c1cc(S(=O)(=O)N2CCC(C)CC2)c(C)n1C,5.1,,
COc1ccccc1CNC(=O)c1cc(S(=O)(=O)N2CCc3ccccc3C2=O)c(C)n1C,1.5,,
CCOc1ccccc1CNC(=O)c1cc(S(=O)(=O)N2CCc3ccccc3C2)c(C)n1C,0.0387,9.2,6.39
Cc1ccncc1CNC(=O)c1cc(S(=O)(=O)N2CCc3ccccc3C2)c(C)n1C,0.119,9.2,8.9
Cc1c(S(=O)(=O)N2CCc3ccccc3C2)cc(C(=O)NCc2cnn3ccccc23)n1C,0.109,,
Cc1c(S(=O)(=O)N2CCC(C)CC2)cc(C(=O)NC2(C)CCCC2)n1C,125,,
Cc1c(S(=O)(=O)N2CCCCC2)cc(C(=O)NCc2cnn3ccccc23)n1C,3.45,,
COc1ccccc1CNC(=O)c1cc(S(=O)(=O)N2CCN(C(C)=O)CC2)c(C)n1C,125,,
COc1ccccc1CNC(=O)c1cc(S(=O)(=O)N2CCOC(C)C2)c(C)n1C,2.88,,
COc1ccccc1CNC(=O)c1cc(S(=O)(=O)N2CCc3nn(C)cc3C2)c(C)n1C,1.49,,
Cc1c(S(=O)(=O)N2CCC(C)CC2)cc(C(=O)NCc2ccccc2OC2CC2)n1C,0.257,,
Cc1c(S(=O)(=O)N2CCC(C)CC2)cc(C(=O)NC2CCOc3ccccc32)n1C,0.141,,
Cc1c(S(=O)(=O)N2CCc3ccccc3C2)cc(C(=O)NCCc2cnn(C)c2)n1C,1.33,,
Cc1c(S(=O)(=O)N2CCC(C)CC2)cc(C(=O)NCc2cccnc2N2CCCC2)n1C,0.021,8.17,5.53
Cc1c(S(=O)(=O)N2CCC(C)CC2)cc(C(=O)N[C@H]2CCOc3ccccc32)n1C |a:18|,2.5,,
"Cc1c(S(=O)(=O)N2CCC(C)CC2)cc(C(=O)N[C@H]2c3ccccc3C[C@H]2O)n1C |a:18,26|",23.8,,
Cc1c(S(=O)(=O)N2CCC(C)CC2)cc(C(=O)NCc2ccc(N3CCCCC3)cc2)n1C,125,,
Cc1c(S(=O)(=O)N2CCC(C)CC2)cc(C(=O)NCc2ccc(C(C)(C)O)cc2)n1C,125,,
Cc1c(S(=O)(=O)N2CCC(C)CC2)cc(C(=O)NCc2ccccc2-c2ccccc2)n1C,0.637,,
Cc1ccccc1C1(NC(=O)c2cc(S(=O)(=O)N3CCC(C)CC3)c(C)n2C)CC1,125,,
Cc1c(S(=O)(=O)N2CCC(C)CC2)cc(C(=O)N2CCC3(CCOCC3)C2)n1C,125,,
Cc1c(S(=O)(=O)N2CCC(C)CC2)cc(C(=O)N2CCOCC2c2ccccc2Cl)n1C,125,,
Cc1c(S(=O)(=O)N2CCC(C)CC2)cc(C(=O)NCc2ccnc3ccccc23)n1C,0.331,,
Cc1cc(C)c(CNC(=O)c2cc(S(=O)(=O)N3CCC(C)CC3)c(C)n2C)c(=O)[nH]1,1.85,,
Cc1c(S(=O)(=O)N2CCC(C)CC2)cc(C(=O)NCc2ccccc2C(F)F)n1C,0.324,,
Cc1c(S(=O)(=O)N2CCC(C)CC2)cc(C(=O)NCc2cccc(C(F)F)c2)n1C,0.533,,
Cc1cccn2c(CNC(=O)c3cc(S(=O)(=O)N4CCC(C)CC4)c(C)n3C)nnc12,10.1,,
Cc1c(S(=O)(=O)N2CCC(C)CC2)cc(C(=O)NCc2ccc3ncccc3c2)n1C,1.06,,
Cc1c(S(=O)(=O)N2CCC(C)CC2)cc(C(=O)NCc2c(F)ccc3c2CCO3)n1C,0.034,,
Cc1c(S(=O)(=O)N2CCC(C)CC2)cc(C(=O)NC2CCN(CC3CC3)CC2)n1C,58,,
Cc1c(S(=O)(=O)N2CCC(C)CC2)cc(C(=O)NC(c2ccccc2)c2ccccn2)n1C,2.28,,
Cc1c(S(=O)(=O)N2CCC(C)CC2)cc(C(=O)NCc2cnccc2Cl)n1C,1.04,,
Cc1c(S(=O)(=O)N2CCC(C)CC2)cc(C(=O)NCc2cccc(C(=O)O)c2)n1C,0.461,,
Cc1c(S(=O)(=O)N2CCC(C)CC2)cc(C(=O)Nc2nccc3ccccc23)n1C,125,,
Cc1c(S(=O)(=O)N2CCc3ccccc3C2)cc(C(=O)N2Cc3ccccc3C2)n1C,2.27,,
Cc1c(S(=O)(=O)N2CCc3ccccc3C2)cc(C(=O)NC(C)(C)C)n1C,10.7,,
Cc1cccc(CNC(=O)c2cc(S(=O)(=O)N3CCc4ccccc4C3)c(C)n2C)c1C,0.091,,
COc1ccnc(CNC(=O)c2cc(S(=O)(=O)N3CCc4ccccc4C3)c(C)n2C)c1,0.972,,
Cc1ccc(NC(=O)c2cc(S(=O)(=O)N3CCc4ccccc4C3)c(C)n2C)cn1,0.679,,
Cc1c(S(=O)(=O)N2CCc3ccccc3C2)cc(C(=O)NCC2CCCCO2)n1C,4.48,,
"Cc1c(S(=O)(=O)N2CCc3ccccc3C2)cc(C(=O)N[C@H]2COCC[C@@H]2O)n1C |a:21,26|",125,,
Cc1c(S(=O)(=O)N2CCc3ccccc3C2)cc(C(=O)NCc2nc(C3CC3)no2)n1C,2.68,,
Cc1c(S(=O)(=O)N2CCc3ccccc3C2)cc(C(=O)NC(C)(C)c2cccnc2)n1C,10.9,,
Cc1cc(CNC(=O)c2cc(S(=O)(=O)N3CCc4ccccc4C3)c(C)n2C)nn1C,3.43,,
Cc1c(S(=O)(=O)N2CCc3ccccc3C2)cc(C(=O)NCC2CCCCC2C)n1C,0.37,,
Cc1c(S(=O)(=O)N2CCc3ccccc3C2)cc(C(=O)NCc2cncs2)n1C,0.479,,
Cc1c(S(=O)(=O)N2CCc3ccccc3C2)cc(C(=O)NCc2cnc3ccccn23)n1C,0.219,,
Cc1c(S(=O)(=O)N2CCc3ccccc3C2)cc(C(=O)NCC2(O)CCCC2)n1C,6.41,,
Cc1c(S(=O)(=O)N2CCc3ccccc3C2)cc(C(=O)N2CCCC2(C)C)n1C,125,,
Cc1c(S(=O)(=O)N2CCc3ccccc3C2)cc(C(=O)N(C)CCc2ccccc2)n1C,125,,
Cc1c(S(=O)(=O)N2CCc3ccccc3C2)cc(C(=O)NCCn2cncn2)n1C,0.375,,
Cc1c(S(=O)(=O)N2CCc3ccccc3C2)cc(C(=O)NCc2ccncc2O)n1C,0.592,,
CCn1cc(CNC(=O)c2cc(S(=O)(=O)N3CCc4ccccc4C3)c(C)n2C)cn1,2.36,,
Cc1c(S(=O)(=O)N2CCc3ccccc3C2)cc(C(=O)NCc2cccc[n+]2[O-])n1C,7.19,,
Cc1c(S(=O)(=O)N2CCc3ccccc3C2)cc(C(=O)N2CCc3c(F)cccc32)n1C,125,,
CCn1c(C(=O)NCc2cnn3ccccc23)cc(S(=O)(=O)N2CCc3ccccc3C2)c1C,0.0802,9.9,7.77
CCn1c(C(=O)NCc2cnn3ccccc23)cc(S(=O)(=O)N2CCC(C)CC2)c1C,0.51,,
Cc1ccccc1CNC(=O)c1cc(S(=O)(=O)N2CCc3ccccc3C2)c(C)n1C,0.0844,,
CCOc1ncccc1CNC(=O)c1cc(S(=O)(=O)N2CCC(C)CC2)c(C)n1CC,0.554,,
CCn1c(C(=O)NCc2cnn3ccccc23)cc(S(=O)(=O)N2CCCCC2)c1C,7.39,,
COc1ccccc1CNC(=O)c1cc(S(=O)(=O)N2CCc3ccccc3C2)c(C)s1,0.0283,6.35,
COc1ccccc1CNC(=O)c1cc(S(=O)(=O)N2CCC(C)CC2)c(C)s1,0.575,,
COc1ccccc1CNC(=O)c1cc(S(=O)(=O)N2CCC(C)CC2)c(C)[nH]1,125,,
COc1ccccc1CNC(=O)c1cc(S(=O)(=O)N2CCc3ccccc3C2)c(C)[nH]1,0.896,0.25,
CCOc1ncccc1CNC(=O)c1cc(S(=O)(=O)N2CCc3ccccc3C2)c(C)n1C,0.103,9.1,10.54
CCOc1ncccc1CNC(=O)c1cc(S(=O)(=O)N2CCCCC2)c(C)n1C,27.8,,
CCOc1ncccc1CNC(=O)c1cc(S(=O)(=O)N2CCCCC2)c(C)n1CC,7.82,,
Cc1c(S(=O)(=O)N2CCC(C)CC2)cc(C(=O)NCc2ccccc2C2CC2)n1C,0.274,,
Cc1c(S(=O)(=O)N2CCc3ccccc3C2)cc(C(=O)NCc2ccccn2)n1C,1.54,,
Cc1c(S(=O)(=O)N2CCC(C)CC2)cc(C(=O)NCc2cccc(C3CC3)c2)n1C,0.825,,
COc1ccccc1CNC(=O)c1cc(S(=O)(=O)N2CCC(C)CC2)c2n1CCC2,0.457,3.6,
CC1CCN(S(=O)(=O)c2cc(C(=O)NCc3cnn4ccccc34)n3c2CCC3)CC1,1.92,,
CC1CCN(S(=O)(=O)c2cc(C(=O)NCc3ccccc3)n3c2CCC3)CC1,3.74,,
"COc1ccccc1CNC(=O)c1cc(S(=O)(=O)N2C[C@H](C)O[C@H](C)C2)c(C)n1C |a:20,23|",6.21,,
CCOc1cccc(CNC(=O)c2cc(S(=O)(=O)N3CCc4ccccc4C3)c(C)n2C)c1,0.0246,10.5,3.01
COc1ccccc1CNC(=O)c1cc(S(=O)(=O)N2CCN(S(C)(=O)=O)CC2)c(C)n1C,125,,
Cc1cccc(CNC(=O)c2cc(S(=O)(=O)N3CCC(C)CC3)c(C)n2C)n1,3.88,,
COc1ccccc1CNC(=O)c1cc(S(=O)(=O)N2CCC(CC#N)CC2)c(C)n1C,11.9,,
CCn1c(C(=O)NCc2cncnc2C)cc(S(=O)(=O)N2CCCCC2)c1C,52.9,,
COc1ccccc1CNCc1cc(S(=O)(=O)N2CCc3ccccc3C2)c(C)n1C,24.2,,
COc1ccccc1C(=O)NCc1cc(S(=O)(=O)N2CCc3ccccc3C2)c(C)n1C,125,,
COc1ccccc1CNC(=O)c1cc(S(=O)(=O)N2CCn3c(nnc3C(F)(F)F)C2)c(C)n1C,125,,
CCn1c(C(=O)NCc2cncnc2C)cc(S(=O)(=O)N2CCC(C)CC2)c1C,0.989,,
COc1ccccc1CNC(=O)c1cc(S(=O)(=O)N2CCOc3ccccc3C2)c(C)n1C,4.55,,
COc1ccccc1CNC(=O)c1cc(S(=O)(=O)N2CCCc3ccccc32)c(C)n1C,125,,
COc1ccccc1CNC(=O)c1cc(S(=O)(=O)Nc2onc(C)c2C)c(C)n1C,125,,
COc1ccccc1CNC(=O)c1cc(S(=O)(=O)N2CCc3ccccc3C2)c2n1CCC2,0.0683,7.3,27.44
O=C(NCc1ccccc1)c1cc(S(=O)(=O)N2CCc3ccccc3C2)c2n1CCC2,0.351,,
COc1ccccc1CNC(=O)c1cc(S(=O)(=O)N2CCn3c(C)nnc3C2)c(C)n1C,125,,
Cc1ncncc1CNC(=O)c1cc(S(=O)(=O)N2CCCCC2)c(C)n1C,125,,
Cc1ncncc1CNC(=O)c1cc(S(=O)(=O)N2CCc3ccccc3C2)c(C)n1C,0.0996,8.7,12.25
COc1ccccc1CNC(=O)c1c(S(=O)(=O)N2CCc3ccccc3C2)cn(C)c1C,125,,
COc1ccccc1CNC(=O)c1cc(S(=O)(=O)N2CCc3c(cnn3C)C2)c(C)n1C,0.354,,
COCCn1c(C(=O)NCc2ccccc2C)cc(S(=O)(=O)N2CCc3ccccc3C2)c1C,0.196,,
Cc1ccccc1CNC(=O)c1cc(S(=O)(=O)N2CCc3ccccc3C2)c(C)n1CCO,0.077,3.5,11.89
Cc1c(S(=O)(=O)N2CCC(C(F)F)CC2)cc(C(=O)NCc2cccnc2N2CCCC2)n1C,0.0588,8.7,4.91
Cc1c(S(=O)(=O)N2Cc3ccccc3C2)cc(C(=O)NCc2cccnc2N2CCCC2)n1C,0.00663,10.4,2.58
Cc1c(S(=O)(=O)N2CCC(C)CC2)cc(C(=O)NCc2cccnc2N(C)C)n1C,0.626,,
Cc1c(S(=O)(=O)N2CCn3nccc3C2)cc(C(=O)NCc2cccnc2N2CCCC2)n1C,0.00795,9.47,3.32
Cc1c(S(=O)(=O)N2CCc3ccc(C#N)cc3C2)cc(C(=O)NCc2cccnc2N2CCCC2)n1C,0.00734,12.2,3.2
Cc1c(S(=O)(=O)N2CCc3ccccc3C2)cc(-c2nc3ccccc3[nH]2)n1C,125,,
Cc1c(S(=O)(=O)N2CCC(C)CC2)cc(C(=O)NCc2cccnc2N2CCOCC2)n1C,0.697,,
CNc1ncccc1CNC(=O)c1cc(S(=O)(=O)N2CCC(C)CC2)c(C)n1C,1.76,,
COC1CCN(c2ncccc2CNC(=O)c2cc(S(=O)(=O)N3CCC(C)CC3)c(C)n2C)C1,0.108,8.7,12.16
Cc1c(S(=O)(=O)N2CCC(C)CC2)cc(C(=O)NCc2cccnc2N2CCCC2C)n1C,0.59,,
Cc1c(S(=O)(=O)N2CCC(C)CC2)cc(C(=O)NCc2cccnc2N2CCC(C)C2)n1C,0.0824,,
Cc1c(S(=O)(=O)N2CCc3ccccc3C2)cc(C(=O)NCc2cccnc2N2CCCC2)n1C,0.00412,10.9,3.29
Cc1c(S(=O)(=O)N2CCC(C)CC2)cc(C(=O)NCc2cccnc2N2CCC(O)C2)n1C,0.136,,
COCCN(C)c1ncccc1CNC(=O)c1cc(S(=O)(=O)N2CCC(C)CC2)c(C)n1C,2.61,,
Cc1c(S(=O)(=O)N2CCC(C)CC2)cc(C(=O)NCc2cccnc2N2CCN(C)CC2)n1C,3.97,,
Cc1c(S(=O)(=O)N2CCC(C)CC2)cc(C(=O)NCc2cccnc2N2CC3CNCC3C2)n1C,3.31,,
Cc1c(S(=O)(=O)N2CCC(C)CC2)cc(C(=O)NCc2cccnc2N2CC3COCC3C2)n1C,0.317,,
COCCNc1ncccc1CNC(=O)c1cc(S(=O)(=O)N2CCC(C)CC2)c(C)n1C,0.563,,
Cc1c(S(=O)(=O)N2CCC(C)CC2)cc(C(=O)NCc2cccnc2N2CCCCC2)n1C,0.443,4.3,
Cc1c(S(=O)(=O)N2CCC(C)CC2)cc(C(=O)NCc2cccnc2N2CC3CCCC3C2)n1C,0.406,,
Cc1c(S(=O)(=O)N2CCC(C)CC2)cc(C(=O)NCc2cccnc2N2CCC(C)(O)CC2)n1C,0.734,,
Cc1c(S(=O)(=O)N2CCC(C)CC2)cc(C(=O)NCc2cccnc2N2CCC(C)(O)C2)n1C,0.231,,
Cc1c(S(=O)(=O)N2CCC(C)CC2)cc(C(=O)NCc2cccnc2N2CCN(C)C(=O)C2)n1C,3.11,,
CC(=O)N1CCN(c2ncccc2CNC(=O)c2cc(S(=O)(=O)N3CCC(C)CC3)c(C)n2C)CC1,1.27,,
Cc1c(S(=O)(=O)N2CCC(C)CC2)cc(C(=O)NCc2cccnc2N2Cc3ccccc3C2)n1C,0.0305,4.7,1.4
COC1CN(c2ncccc2CNC(=O)c2cc(S(=O)(=O)N3CCC(C)CC3)c(C)n2C)C1,0.22,,
Cc1c(S(=O)(=O)N2CCC(C)CC2)cc(C(=O)NCc2cccnc2N2CCNC(=O)C2)n1C,1.98,,
Cc1c(S(=O)(=O)N2CCC(C)CC2)cc(C(=O)NCc2cncnc2N2CCCC2)n1C,0.0211,11.1,2.01
CCN(CC)c1ncccc1CNC(=O)c1cc(S(=O)(=O)N2CCC(C)CC2)c(C)n1C,1.05,,
Cc1c(S(=O)(=O)N2CCC(C)CC2)cc(C(=O)NCc2cccnc2N2CC3CC3C2)n1C,0.125,,
Cc1c(S(=O)(=O)N2CCC(C)CC2)cc(C(=O)NCc2cccnc2S(C)(=O)=O)n1C,0.368,,
Cc1c(S(=O)(=O)N2CCC(C)CC2)cc(C(=O)NCc2cccnc2N2CCC2)n1C,0.103,7.45,
Cc1c(S(=O)(=O)N2CCC(C)CC2)cc(C(=O)NCc2cccnc2OC2CCOC2)n1C,0.264,,
Cc1c(S(=O)(=O)N2CCC(C)CC2)cc(C(=O)NCc2cccnc2-n2cccn2)n1C,0.173,,
Cc1c(S(=O)(=O)N2CCC(C)CC2)cc(C(=O)NCc2cccnc2C2CCCC2)n1C,0.686,,
COc1ccnc(N2CCCC2)c1CNC(=O)c1cc(S(=O)(=O)N2CCC(C)CC2)c(C)n1C,4.13,,
Cc1ccnc(N2CCCC2)c1CNC(=O)c1cc(S(=O)(=O)N2CCC(C)CC2)c(C)n1C,0.688,,
Cc1c(S(=O)(=O)N2CCC(C)CC2)cc(C(=O)NCc2nccnc2N2CCCC2)n1C,0.131,7.3,
Cc1c(S(=O)(=O)N2CCC(C)CC2)cc(C(=O)NCc2cccnc2N2CCc3ccccc32)n1C,0.116,,
Cc1c(S(=O)(=O)N2CCC(C)CC2)cc(C(=O)NCc2cccnc2N2CCCS2(=O)=O)n1C,26.4,,
Cc1c(S(=O)(=O)N2CCc3cnccc3C2)cc(C(=O)NCc2cccnc2N2CCCC2)n1C,0.0112,10.5,3.04
Cc1c(S(=O)(=O)N2CCC(C)CC2)cc(C(=O)NCC2CCCCN2c2ccccc2)n1C,125,,
Cc1c(S(=O)(=O)N2CCC(C)CC2)cc(C(=O)NCc2cnccc2N2CCCC2)n1C,0.404,,
Cc1c(S(=O)(=O)N2CCC(C)CC2)cc(C(=O)NCc2cccnc2N2CCCC2=O)n1C,0.945,3.8,
Cc1c(S(=O)(=O)N2CCC(C)CC2)cc(C(=O)NCc2cccnc2N2CCCC2(C)C)n1C,1.53,,
Cc1c(S(=O)(=O)N2Cc3ccncc3C2)cc(C(=O)NCc2cccnc2N2CCCC2)n1C,0.0669,,
Cc1c(S(=O)(=O)N2CCC(C)CC2)cc(C(=O)NCc2cccnc2N2CCC3(CC3)C2)n1C,0.133,,
Cc1c(S(=O)(=O)N2CCC(C)CC2)cc(C(=O)NCc2cccc(=O)n2-c2ccccc2)n1C,23.1,,
Cc1c(S(=O)(=O)N2Cc3ccccc3C2)cc(C(=O)NCc2cccc(N3CCCC3)n2)n1C,0.118,,
Cc1c(S(=O)(=O)N2Cc3cncnc3C2)cc(C(=O)NCc2cccnc2N2CCCC2)n1C,1.98,,
Cc1c(S(=O)(=O)N2Cc3cccnc3C2)cc(C(=O)NCc2cccnc2N2CCCC2)n1C,0.818,,
COCc1cccc(CNC(=O)c2cc(S(=O)(=O)N3Cc4ccccc4C3)c(C)n2C)c1,0.164,,
CCOc1cccc(CNC(=O)c2cc(S(=O)(=O)N3CCc4cnccc4C3)c(C)n2C)c1,0.0421,,3.8
Cc1c(S(=O)(=O)N2Cc3ccccc3C2)cc(C(=O)NCc2cccnc2N2CCCC2)n1CCO,0.0164,5.4,4.1
Cc1ccccc1CNC(=O)c1cc(S(=O)(=O)N2CCc3ccccc3C2)c(C)n1CC(N)=O,0.31,,
Cc1c(S(=O)(=O)N2CCc3ccccc3C2)cc(C(=O)NCc2cccc(OC3CC3)c2)n1C,0.0668,,
Cc1c(S(=O)(=O)N2Cc3ccccc3C2)cc(C(=O)NCc2cccc(OC3CC3)c2)n1C,0.0855,,
CCOc1cc(CNC(=O)c2cc(S(=O)(=O)N3CCc4ccccc4C3)c(C)n2C)ccn1,0.295,,
Cc1c(S(=O)(=O)N2CCc3ccccc3C2)cc(C(=O)NCc2cccc(OC(C)C)c2)n1C,0.0992,,
Cc1c(S(=O)(=O)N2Cc3ccccc3C2)cc(C(=O)NCc2cccc(OC3CCCCC3)c2)n1C,0.217,,
CCOc1cccc(C(C)NC(=O)c2cc(S(=O)(=O)N3CCc4ccccc4C3)c(C)n2C)c1,0.099,,
Cc1c(S(=O)(=O)N2CCC(C)CC2)cc(C(=O)NCc2cccnc2CN2CCCC2)n1C,15.3,,
Cc1c(S(=O)(=O)N2CCC(C)CC2)cc(C(=O)NCc2cccnc2CN(C)C)n1C,4.76,,
Cc1c(S(=O)(=O)N2Cc3ccccc3C2)cc(C(=O)NCc2ccnc3c2OCCN3C)n1C,0.0578,10.2,2.2
Cc1ccccc1CNC(=O)c1cc(S(=O)(=O)N2CCc3ccccc3C2)c(C)n1CC(C)O,0.482,,
Cc1ccccc1CNC(=O)c1cc(S(=O)(=O)N2CCc3ccccc3C2)c(C)n1CCN,0.367,,
CCOc1cccc(CNC(=O)c2cc(S(=O)(=O)N3Cc4ccccc4C3)c(C)n2C)c1,0.0185,9.9,4
CCCOc1cccc(CNC(=O)c2cc(S(=O)(=O)N3CCc4ccccc4C3)c(C)n2C)c1,0.0264,,
Cc1c(S(=O)(=O)N2CCn3cccc3C2)cc(C(=O)NCc2cccnc2N2CCCC2)n1C,0.00145,11.9,0.6
Cc1c(S(=O)(=O)N2CCC(C#N)CC2)cc(C(=O)NCc2cccnc2N2CCCC2)n1C,1.44,,
Cc1c(S(=O)(=O)N2Cc3nccnc3C2)cc(C(=O)NCc2cccnc2N2CCCC2)n1C,17.5,,
CCOc1ccnc(CNC(=O)c2cc(S(=O)(=O)N3CCc4ccccc4C3)c(C)n2C)n1,0.682,,
CCOc1cc(CNC(=O)c2cc(S(=O)(=O)N3CCc4ccccc4C3)c(C)n2C)ncn1,0.393,,
Cc1c(S(=O)(=O)N2CCn3nccc3C2)cc(C(=O)NCc2cccc(OC3CCCC3)c2)n1C,0.0803,,
Cc1c(S(=O)(=O)N2CCn3nccc3C2)cc(C(=O)NCc2cccc3cnn(C)c23)n1C,0.00542,11.3,0.9
Cc1c(S(=O)(=O)N2CCN3CCOCC3C2)cc(C(=O)NCc2cccnc2N2CCCC2)n1C,125,,
Cc1nc2n(n1)CCN(S(=O)(=O)c1cc(C(=O)NCc3cccnc3N3CCCC3)n(C)c1C)C2,125,,
Cc1c(S(=O)(=O)N2CCn3nccc3C2)cc(C(=O)NC2CCCc3ncccc32)n1C,0.8,,
Cc1c(S(=O)(=O)N2CCn3nccc3C2)cc(C(=O)NC2CCCc3ccccc32)n1C,0.612,,
O=C(NCc1cccnc1N1CCCC1)c1cc(S(=O)(=O)N2CCn3nccc3C2)c2n1CCC2,0.137,,
CN1CCn2c(C(=O)NCc3cccnc3N3CCCC3)cc(S(=O)(=O)N3CCc4ccccc4C3)c2C1,4.73,,
Cc1c(S(=O)(=O)N2CCC(C)CC2)cc(C(=O)NCc2cccnc2C(=O)N2CCCC2)n1C,52.4,,
Cc1c(S(=O)(=O)N2CCC(C)CC2)cc(C(=O)NCc2ccnnc2N2CCCC2)n1C,0.342,,
Cc1c(S(=O)(=O)N2CCn3nccc3C2)cc(C(=O)NCc2cccnc2N2CCC(F)C2)n1C,0.0171,9.7,2.6
Cc1c(S(=O)(=O)N2CCn3nccc3C2)cc(C(=O)NCc2cccnc2N2CCC(F)(F)C2)n1C,0.0214,9.5,3.6
"Cc1c(S(=O)(=O)N2CCn3nccc3C2)cc(C(=O)NCc2cccnc2N2C[C@H](F)[C@@H](F)C2)n1C |a:29,31|",0.0221,,
Cc1c(S(=O)(=O)N2Cc3ccccc3C2)cc(-c2nnc(-c3ccccc3)o2)n1C,125,,
Cc1c(S(=O)(=O)N2CCn3nccc3C2)cc(C(=O)NC2CCc3ncccc32)n1C,0.374,,
Cc1c(S(=O)(=O)N2CCc3ccccc3C2)cc2n1CCN(Cc1ccccc1)C2=O,125,,
CC(=O)NCCn1c(C(=O)NCc2ccccc2C)cc(S(=O)(=O)N2CCc3ccccc3C2)c1C,0.0753,,
Cc1c(S(=O)(=O)N2CCC(C)CC2)cc(C(=O)NCc2cccc3c2CCO3)n1C,0.0725,,
Cc1c(S(=O)(=O)N2CCC(C)CC2)cc(C(=O)NCc2cccc3c2OCO3)n1C,0.0866,6.9,
Cc1c(S(=O)(=O)N2CCC(C)CC2)cc(C(=O)NCc2cccnc2N2Cc3cncnc3C2)n1C,0.0195,,
Cc1c(S(=O)(=O)N2CCn3nccc3C2C)cc(C(=O)NCc2cccnc2N2CCCC2)n1C,46.7,,
Cc1c(S(=O)(=O)N2CCC(C)CC2)cc(C(=O)NCc2c(F)ccc3occc23)n1C,0.0119,10.1,
Cc1c(S(=O)(=O)N2CCCn3nccc3C2)cc(C(=O)NCc2cccnc2N2CCCC2)n1C,4.63,,
Cc1c(S(=O)(=O)N2Cc3ccnn3CC2C)cc(C(=O)NCc2cccnc2N2CCCC2)n1C,0.845,,
O=C(NCc1cccnc1N1CCCC1)c1cc(S(=O)(=O)N2Cc3ccccc3C2)c2n1CCC2,0.0488,,
Cc1c(S(=O)(=O)N2CCn3nccc3C2)cc(C(=O)NCc2cccnc2N2CCCC2)n1C(F)F,0.101,,
Cc1c(S(=O)(=O)N2CCn3c(cccc3=O)C2)cc(C(=O)NCc2cccnc2N2CCCC2)n1C,0.522,,
Cc1sc(C(=O)NCc2cccnc2N2CCCC2)cc1S(=O)(=O)N1CCn2cccc2C1,0.0118,,
Cc1c(S(=O)(=O)N2CCn3cccc3C2)cc(C(=O)NCc2ccccc2-n2cccn2)n1C,0.123,,
C=CCOc1ccccc1CNC(=O)c1cc(S(=O)(=O)N2CCn3nccc3C2)c(C)n1CC=C,0.175,,
Cc1c(S(=O)(=O)N2CCC(C)CC2)cc(C(=O)NCc2cccc3c2OCC3)n1C,0.254,,
CCOc1cccc(CNC(=O)c2cc(S(=O)(=O)N3CCn4nccc4C3)c(C)s2)c1,0.0537,,
Cc1sc(C(=O)NCc2cccnc2N2CCCC2)cc1S(=O)(=O)N1CCn2nccc2C1,0.0957,,
Cc1c(S(=O)(=O)N2CCn3nccc3C2)cc(C(=O)NCc2cccnc2N2CCCC2)n1CC(F)F,0.0357,,
Cc1c(S(=O)(=O)N2CCn3nccc3C2)cc(C(=O)NCc2c(F)ccc3c2CCO3)n1C,0.00202,12.8,0.3
Cc1c(S(=O)(=O)N2CCn3nccc3C2)cc(C(=O)NCc2cccnc2N2CCCC2)n1CC(F)(F)F,0.0432,,
Cc1c(S(=O)(=O)N2CCn3cccc3C2)cc(C(=O)NCc2cccnc2N2CCCC2)n1CCO,0.00156,12,0.38
Cc1c(S(=O)(=O)N2CCn3nccc3C2)cc(C(=O)NCc2cccc(OC(C)(C)C)c2)n1C,0.203,,
Cc1c(S(=O)(=O)N2CCn3nccc3C2)cc(C(=O)NCc2cccc3c2cnn3C)n1C,0.0461,,
Cc1c(S(=O)(=O)N2CCn3cccc3C2)cc(C(=O)NCc2cccnc2N2CCC(C)(O)C2)n1C,0.00206,12,1.6
"Cc1c(S(=O)(=O)N2CCn3cccc3C2)cc(C(=O)NCc2cccnc2N2C[C@H](F)[C@H](F)C2)n1C |a:29,31|",0.00139,11,3.1
Cc1cnc(N2CCCC2)c(CNC(=O)c2cc(S(=O)(=O)N3CCn4cccc4C3)c(C)n2C)c1,0.368,,
Cc1c(S(=O)(=O)N2CCn3nccc3C2)cc(C(=O)NCc2cccc3c2CN(C)CC3)n1C,0.108,,
Cc1c(S(=O)(=O)N2CCn3cccc3C2)cc(C(=O)NCc2cccnc2N2CCC(F)(F)C2)n1C,0.00246,11,3.2
Cc1c(S(=O)(=O)N2CCn3cccc3C2)cc(C(=O)NCc2cccnc2N2CCC(F)C2)n1C,0.000819,12.1,0.374
Cc1c(S(=O)(=O)N2CCn3cccc3C2)cc(C(=O)NCc2cccnc2N2CCC(O)C2)n1C,0.00165,12.1,1.3
Cc1c(S(=O)(=O)N2CCn3nccc3C2)cc(C(=O)NCc2c(F)ccnc2N2CCCC2)n1C,0.000431,14.17,0.27
Cc1c(S(=O)(=O)N2CCn3cccc3C2)cc(C(=O)NCc2cccnc2N2CCC(C(=O)O)C2)n1C,0.000241,16.8,7.1
"Cc1c(S(=O)(=O)N2CCn3cccc3C2)cc(C(=O)NCc2cccnc2N2C[C@H](O)[C@H](F)C2)n1C |a:29,31|",0.00209,11.4,1.9
Cc1c(S(=O)(=O)N2CCn3cccc3C2)cc(C(=O)NCc2cccnc2N2CC(F)C2)n1C,0.00218,11.3,1.5
Cc1c(S(=O)(=O)N2CCn3cccc3C2)cc(C(=O)NCc2cccnc2N2CC(F)(F)C2)n1C,0.00226,12.7,1.7
Cc1c(S(=O)(=O)N2CCn3nccc3C2)cc(C(=O)NCc2cncnc2N2CCCC2)n1C,0.00131,13,3.1
Cc1sc(S(=O)(=O)N2CCn3cccc3C2)cc1C(=O)NCc1cccnc1N1CCCC1,0.0421,,
Cc1c(S(=O)(=O)N2CCn3cccc3C2)cc(C(=O)NCc2cccnc2N2C3CCC2CC3)n1C,0.0422,,
"Cc1c(S(=O)(=O)N2CCn3cccc3C2)cc(C(=O)NCc2cccnc2N2C[C@H](F)[C@@H](F)C2)n1C |a:29,31|",0.00298,,
"Cc1c(S(=O)(=O)N2CCn3cccc3C2)cc(C(=O)NCc2cccnc2N2C[C@H](O)[C@@H](F)C2)n1C |a:29,31|",0.00295,,
COC1CN(c2ncccc2CNC(=O)c2cc(S(=O)(=O)N3CCn4cccc4C3)c(C)n2C)C1,0.00481,,
Cc1c(S(=O)(=O)N2CCn3cccc3C2)cc(C(=O)NCc2cccnc2N2CCCC2C(=O)O)n1C,0.00154,13.5,>10
Cc1c(S(=O)(=O)N2CCn3cccc3C2)cc(C(=O)NCc2cccc(C(=O)O)c2)n1C,0.00905,,
Cc1ccc(CNC(=O)c2cc(S(=O)(=O)N3CCn4cccc4C3)c(C)n2C)c(N2CCCC2)n1,0.157,,
Cc1c(S(=O)(=O)N2CCn3nccc3C2)cc(C(=O)NCc2nnc3n2CCC3)n1C,17.7,,
Cc1c(S(=O)(=O)N2CCn3nccc3C2)cc(C(=O)NCc2cccnc2N2CCC(C)(O)C2)n1C,0.0225,,
Cc1c(S(=O)(=O)N2CCn3nccc3C2)cc(C(=O)NCc2cccc3c2CCN(C)C3)n1C,0.185,,
Cc1c(S(=O)(=O)N2CCn3cccc3C2)cc(C(=O)NCc2cccnc2N2CCCC2)n1CC(C)O,0.0345,,
Cc1c(S(=O)(=O)N2CCn3ccnc3C2)cc(C(=O)NCc2cccnc2N2CCC(F)(F)C2)n1C,15.3,,
Cc1c(S(=O)(=O)N2CCn3cccc3C2)cc(C(=O)NCc2cccnc2N2CC(O)C(F)(F)C2)n1C,0.00918,,
Cc1c(S(=O)(=O)N2CCn3nccc3C2)cc(C(=O)NCc2cccnc2N2CC(O)C(F)(F)C2)n1C,0.0335,,
Cc1c(S(=O)(=O)N2CCn3cccc3C2)cc(C(=O)NCc2cccc3cnn(C4CC4)c23)n1C,0.00146,12.7,1.6
Cc1c(S(=O)(=O)N2CCc3ccccc3C2)cc(-c2nc(-c3ccccc3)n[nH]2)n1C,62.5,,
Cc1c(S(=O)(=O)N2CCn3cccc3C2)cc(C(=O)NCc2cccnc2N2CC(O)C2)n1C,0.00253,11,3.6
Cc1c(S(=O)(=O)N2Cc3ccc(C#N)cc3C2)cc(C(=O)NCc2cccnc2N2CCC(O)C2)n1C,1.22,,
Cc1c(S(=O)(=O)N2Cc3ccc(C#N)cc3C2)cc(C(=O)NCc2cccnc2N2CCC(F)(F)C2)n1C,1.37,,
Cc1c(S(=O)(=O)N2CCn3cccc3C2)cc(C(=O)NCc2cccnc2N2CCCC2)n1C1CC1,0.00964,,
Cc1c(S(=O)(=O)N2CCn3cncc3C2)cc(C(=O)NCc2cccnc2N2CCC(O)C2)n1C,0.00488,,
Cc1c(S(=O)(=O)N2CCn3cncc3C2)cc(C(=O)NCc2cccnc2N2CCC(F)(F)C2)n1C,0.00732,10.5,4.7
Cc1c(S(=O)(=O)N2Cc3c[nH]nc3C2)cc(C(=O)NCc2cccnc2N2CCC(O)C2)n1C,0.0248,,
Cc1c(S(=O)(=O)N2Cc3c[nH]nc3C2)cc(C(=O)NCc2cccnc2N2CCC(F)(F)C2)n1C,0.0589,,
Cc1c(S(=O)(=O)N2CCn3ccnc3C2)cc(C(=O)NCc2cccnc2N2CCC(O)C2)n1C,4.7,,
Cc1c(S(=O)(=O)N2Cc3cnn(C)c3C2)cc(C(=O)NCc2cccnc2N2CCC(O)C2)n1C,0.0411,,
Cc1c(S(=O)(=O)N2Cc3cnn(C)c3C2)cc(C(=O)NCc2cccnc2N2CCC(F)(F)C2)n1C,0.16,,
Cc1c(S(=O)(=O)N2CCn3nccc3C2)cc(C(=O)NCc2cccnc2N2CCC(O)C2)n1C,0.0144,,
Cc1c(S(=O)(=O)N2CCn3cccc3C2)cc(C(=O)NCc2cccnc2N2CCCC2)n1C(C)C,8.22,,
Cc1c(S(=O)(=O)N2CCc3ncncc3C2)cc(C(=O)NCc2cccnc2N2CCC(O)C2)n1C,0.195,,
Cc1c(S(=O)(=O)N2CCc3ncncc3C2)cc(C(=O)NCc2cccnc2N2CCC(F)(F)C2)n1C,0.249,,
Cc1c(S(=O)(=O)N2CCn3nccc3C2)cc(C(=O)NCc2cccnc2N2CC(F)(F)C2)n1C,0.0249,,
"Cc1c(S(=O)(=O)N2CCn3nccc3C2)cc(C(=O)NCc2cccnc2N2C[C@@H](O)[C@@H](F)C2)n1C |a:29,31|",0.0154,,
COC1CN(c2ncccc2CNC(=O)c2cc(S(=O)(=O)N3CCn4nccc4C3)c(C)n2C)C1,0.0118,,
Cc1c(S(=O)(=O)N2CCn3nccc3C2)cc(C(=O)NCc2cccnc2N2CCCOCC2)n1C,0.0553,,
CCOc1nccc(CNC(=O)c2cc(S(=O)(=O)N3Cc4ccccc4C3)c(C)n2C)c1N1CCCC1,0.0344,,
Cc1c(S(=O)(=O)N2CCn3nccc3C2)cc(C(=O)NCc2cc(F)cnc2N2CCCC2)n1C,0.0448,,
Cc1c(S(=O)(=O)N2CCn3nccc3C2)cc(C(=O)NC(C)c2cccnc2N2CCC(F)(F)C2)n1C,0.28,,
Cc1c(S(=O)(=O)N2CCn3nccc3C2)cc(C(=O)NCc2cccnc2N2CC(O)C2)n1C,0.0182,,
Cc1c(S(=O)(=O)N2CCn3nccc3C2)cc(C(=O)NCc2cccnc2N2CC(C)(O)C2)n1C,0.0262,,
Cc1sc(C(=O)NCc2cccnc2N2CCC(O)C2)cc1S(=O)(=O)N1CCn2nccc2C1,0.0576,,
Cc1sc(C(=O)NCc2cccnc2N2CCC(F)(F)C2)cc1S(=O)(=O)N1CCn2nccc2C1,0.0771,,
Cc1c(S(=O)(=O)N2CCn3c(cc4ccccc43)C2)cc(C(=O)NCc2cccnc2N2CCCC2)n1C,62.5,,
Cc1sc(C(=O)NCc2cccnc2N2CCCC2)cc1S(=O)(=O)N1CCC(C)CC1,0.0633,,
Cc1c(S(=O)(=O)N2CCn3nccc3C2)cc(C(=O)NCc2cncnc2N2CCC(O)C2)n1C,0.00604,,
Cc1c(S(=O)(=O)N2CCC(C)CC2)cc(C(=O)NCc2cccc3c2OC(F)(F)O3)n1C,0.264,,
Cc1c(S(=O)(=O)N2CCn3nccc3C2)cc(C(=O)NCc2cncnc2N2CCC(F)(F)C2)n1C,0.00599,,
Cc1c(S(=O)(=O)N2CCc3cc(C#N)ccc3C2)cc(C(=O)NCc2cccnc2N2CCC(O)C2)n1C,1.87,,
Cc1c(S(=O)(=O)N2CCc3cc(C#N)ccc3C2)cc(C(=O)NCc2cccnc2N2CCC(F)(F)C2)n1C,0.64,,
Cc1c(S(=O)(=O)N2CCn3nccc3C2)cc(C(=O)NCc2cccnc2N2CC(F)(F)C(F)(F)C2)n1C,0.274,,
Cc1c(S(=O)(=O)N2CCn3nccc3C2)cc(C(=O)NCc2cccnc2N2CCCC2)n1CCO,0.0052,,
Cc1c(S(=O)(=O)N2CCn3nccc3C2)cc(C(=O)NCc2cccnc2N2CCC(F)(F)C2)n1CCO,0.0253,,
Cc1c(S(=O)(=O)N2CCn3nccc3C2)cc(C(=O)NCc2cccnc2N2CCC(O)C2)n1CCO,0.0143,,
Cc1c(S(=O)(=O)N2CCn3nccc3C2)cc(C(=O)NCc2c(F)ccc3occc23)n1C,0.00108,12.5,1.7
Cc1c(S(=O)(=O)N2CCn3nccc3C2)cc(C(=O)NCc2c(F)ccc3occc23)n1CCO,0.00369,10.4,3.6
C/C=C(\NC(=O)c1cc(S(=O)(=O)N2CCn3nccc3C2)c(C)n1C)c1cccnc1N1CCC(F)(F)C1,3.01,,
Cc1c(S(=O)(=O)N2CCn3nccc3C2)cc(C(=O)NCc2cccc3ncn(C)c23)n1C,0.00119,12.5,4.5
Cc1c(S(=O)(=O)N2CCn3nccc3C2)cc(C(=O)NCc2cccc3c2N(C)C(=O)C3)n1C,0.00579,11.3,6
Cc1c(S(=O)(=O)N2CCn3nccc3C2)cc(C(=O)NCC2CN(c3ncccc3C#N)C2)n1C,0.0445,,
Cc1c(S(=O)(=O)N2CCn3nccc3C2)cc(C(=O)NCc2cccc3c2OC(F)(F)O3)n1C,0.115,,
Cc1c(S(=O)(=O)N2CCn3nncc3C2)cc(C(=O)NCc2cccnc2N2CCC(O)C2)n1C,0.0516,,
Cc1c(S(=O)(=O)N2CCn3nncc3C2)cc(C(=O)NCc2cccnc2N2CCC(F)(F)C2)n1C,0.124,7.3,
O=C(NCc1cccnc1N1CCCC1)c1cc(S(=O)(=O)N2CCn3nccc3C2)cs1,62.5,,
Cc1c(S(=O)(=O)N2CCn3nccc3C2)cc(C(=O)NC2COc3ncccc32)n1C,0.139,,
Cc1c(S(=O)(=O)N2CCn3nccc3C2)cc(C(=O)NCc2cccc3cn(C)nc23)n1C,0.0158,,
Cc1c(S(=O)(=O)N2CCC(C)CC2)cc(C(=O)NCc2cccc3cn(C)nc23)n1C,0.042,,
Cn1nc(S(=O)(=O)N2CCn3nccc3C2)cc1C(=O)NCc1cccnc1N1CCCC1,30.94,1.4,
Cc1c(S(=O)(=O)N2CCn3nccc3C2)cc(C(=O)NCc2cccc3c2N(C)C(=O)CC3)n1C,0.328,10.1,
Cc1c(S(=O)(=O)N2CCn3nccc3C2)cc(C(=O)NCc2cccc3c2CCC(=O)N3C)n1C,0.0165,12.3,4.8
Cc1c(S(=O)(=O)N2CCn3nccc3C2)cc(C(=O)NCc2ccc3c(c2)N(C)C(=O)CC3)n1C,0.267,7.4,
Cc1c(S(=O)(=O)N2CCn3nccc3C2)cc(C(=O)NCc2ccc3c(c2)CCC(=O)N3C)n1C,0.977,5.6,
Cc1c(S(=O)(=O)N2CCn3cccc3C2)cc(C(=O)NCc2cccc3cnn(C)c23)n1C,0.000634,13.05,0.5
Cc1c(S(=O)(=O)N2CCn3nccc3C2)cc(C(=O)NCc2cccc3cnn(C)c23)n1CCO,0.00461,9.9,>5
Cn1cc(S(=O)(=O)N2CCn3nccc3C2)c(F)c1C(=O)NCc1cccnc1N1CCCC1,10.16,0.3,
Cc1sc(C(=O)NCc2cccc3cnn(C)c23)cc1S(=O)(=O)N1CCn2nccc2C1,0.032,9.9,7.2
Cc1c(S(=O)(=O)N2CCn3nccc3C2)cc(C(=O)NCc2c(F)ccc3cnn(C)c23)n1C,0.000408,15.43,0.17
Cc1c(S(=O)(=O)N2CCn3nccc3C2)cc(C(=O)NCc2c(F)ccc3c2CCCO3)n1C,0.000315,12,2.7
Cn1nc(C(=O)NCc2cccnc2N2CCCC2)cc1S(=O)(=O)N1CCn2nccc2C1,39.53,0.4,
"Cc1c(S(=O)(=O)N2CCn3nccc3C2)cc(C(=O)NCc2cccnc2N2C[C@H](O)[C@@H](F)C2)n1C |a:29,31|",0.0115,,
CNC(=O)Cn1c(C(=O)NCc2cccnc2N2CCC(O)C2)cc(S(=O)(=O)N2CCn3nccc3C2)c1C,62.5,,
CNC(=O)Cn1c(C(=O)NCc2cccnc2N2CCC(F)(F)C2)cc(S(=O)(=O)N2CCn3nccc3C2)c1C,62.5,,
Cc1c(S(=O)(=O)N2CCn3nccc3C2)cc(C(=O)NCc2cccnc2OCCN(C)C)n1C,1.3,,
COc1cccc(CNC(=O)c2cc(S(=O)(=O)N3CCn4nccc4C3)c(C)n2C)c1OC,0.24,,
Cc1c(S(=O)(=O)N2CCn3nccc3C2)cc(C(=O)NC2CCOc3ccccc32)n1C,1.33,,
Cc1c(S(=O)(=O)N2CCn3nccc3C2)cc(C(=O)NCc2c(F)ccc3c2CCO3)n1CCO,0.0135,10.4,3.4
Cc1c(S(=O)(=O)N2CCn3nccc3C2)cc(C(=O)NCc2cccnc2N2CCC(F)C2)n1CCO,0.0324,8.9,
Cc1c(S(=O)(=O)N2CCn3nccc3C2)cc(C(=O)NCc2cncnc2N2CCC(F)(F)C2)n1CCO,0.0176,13.4,
Cc1c(S(=O)(=O)N2CCn3cc(O)c(=O)cc3C2)cc(C(=O)NCc2cccnc2N2CCC(F)(F)C2)n1C,4.24,-0.2,
Cc1c(S(=O)(=O)N2CCn3nccc3C2)cc(C(=O)NCc2cccnc2-n2cncn2)n1C,0.598,5.7,
Cc1c(S(=O)(=O)N2CCn3nccc3C2)cc(C(=O)NCc2ccc(N3CCCC3)nc2)n1C,1,5.5,
Cc1c(S(=O)(=O)N2CCn3nccc3C2)cc(C(=O)NCc2cccnc2N2CCC(C(=O)OC(C)C)C2)n1C,0.00472,9.5,2.7
Cc1c(S(=O)(=O)N2CCn3nccc3C2)cc(C(=O)NCc2ccnc3c2OCCN3C)n1C,0.0208,6.8,
Cc1c(S(=O)(=O)N2CCn3nccc3C2)cc(C(=O)NCc2cccc(-c3nnn[nH]3)c2)n1C,0.000296,12.2,>5
Cc1c(S(=O)(=O)N2CCn3nccc3C2)cc(C(=O)NCc2cccnc2N2CCCC(O)C2)n1C,0.0845,6.3,
CCN(CC)c1ncccc1CNC(=O)c1cc(S(=O)(=O)N2CCn3nccc3C2)c(C)n1C,0.131,5.7,
Cc1c(S(=O)(=O)N2CCn3nccc3C2)cc(C(=O)NCc2ccccc2CN2CCCC2)n1C,0.245,3.6,
Cc1c(S(=O)(=O)N2CCn3ncc(C(F)F)c3C2)cc(C(=O)NCc2cccnc2N2CCC(F)(F)C2)n1C,5.27,1.1,
Cc1c(S(=O)(=O)N2CCn3ncc(C(F)F)c3C2)cc(C(=O)NCc2cccnc2N2CCC(O)C2)n1C,39.53,1,
Cc1c(S(=O)(=O)N2CCn3nccc3C2)cc(C(=O)NCc2cncnc2N2CCC(F)C2)n1C,0.00122,10.3,>5
Cc1c(S(=O)(=O)N2CCn3nccc3C2)cc(C(=O)NCc2cccnc2N(C)S(C)(=O)=O)n1C,0.456,4.2,
Cn1nc(S(=O)(=O)N2CCn3nccc3C2)cc1C(=O)NCc1cccnc1N1CCC(O)C1,23.81,0.8,
Cc1c(S(=O)(=O)N2CCn3nc(C(F)F)cc3C2)cc(C(=O)NCc2cccnc2N2CCC(O)C2)n1C,1.46,0.8,
Cc1c(S(=O)(=O)N2CCn3nc(C(F)F)cc3C2)cc(C(=O)NCc2cccnc2N2CCC(F)(F)C2)n1C,7.98,1,
Cc1c(S(=O)(=O)N2CCn3nccc3C2)cc(C(=O)NCc2cccc3ccoc23)n1C,0.00589,7.65,>5
Cc1c(S(=O)(=O)N2CCn3nccc3C2)cc(C(=O)NCc2cccnc2N(C)C)n1C,0.0789,5.7,
Cc1c(S(=O)(=O)N2CCn3nccc3C2)cc(C(=O)NCc2cccnc2-n2cccn2)n1C,0.386,4.2,
Cc1c(S(=O)(=O)N2CCn3nccc3C2)cc(C(=O)NCc2c(F)cccc2N2CCCC2)n1C,0.000246,13.05,0.6
Cc1c(S(=O)(=O)N2CCn3nccc3C2)cc(C(=O)NCc2cccc3ncccc23)n1C,0.00225,9.6,2.4
Cc1c(S(=O)(=O)N2CCn3nccc3C2)cc(C(=O)NCc2cccnc2N2CC(C(=O)O)C2)n1C,0.000661,10.85,>5
Cc1c(S(=O)(=O)N2CCn3nccc3C2)cc(C(=O)NCc2cncnc2N2CCC(F)C2)n1CCO,0.0201,8.1,
Cc1c(S(=O)(=O)N2CCn3nccc3C2)cc(C(=O)NCc2cccnc2C2CCNC2)n1C,17.75,1.3,
Cc1c(S(=O)(=O)N2CCn3ncc(Cl)c3C2)cc(C(=O)NCc2cccnc2N2CCC(O)C2)n1C,0.135,4.85,
Cc1c(S(=O)(=O)N2CCn3nccc3C2)cc(C(=O)NCc2cccnc2N2CCC(C(=O)O)C2)n1C,0.00313,11.45,
Cc1c(S(=O)(=O)N2CCn3nccc3C2)cc(C(=O)NCc2cccnc2N2CCC(C)(C(=O)O)C2)n1C,0.00235,11.9,
Cc1c(S(=O)(=O)N2CCn3ncc(C#N)c3C2)cc(C(=O)NCc2cccnc2N2CCC(F)(F)C2)n1C,25,0.25,
Cc1c(S(=O)(=O)N2CCn3ncc(C#N)c3C2)cc(C(=O)NCc2cccnc2N2CCC(O)C2)n1C,4.6,0.3,
Cc1c(S(=O)(=O)N2CCn3nccc3C2)cc(C(=O)NCc2cccnc2N2CC(C#N)C2)n1C,0.0441,6.75,
Cc1c(S(=O)(=O)N2CCn3nccc3C2)cc(C(=O)NCc2cccn3ccnc23)n1C,0.947,2.95,
Cc1c(S(=O)(=O)N2CCn3nccc3C2)cc(C(=O)NCc2cccnc2N(C)C2CCCCC2)n1C,0.0914,5.95,
Cc1c(S(=O)(=O)N2CCn3nccc3C2)cc(C(=O)NCc2cccnc2C2CCN(C)C2)n1C,12.18,2,
Cc1c(S(=O)(=O)N2CCn3nc(C4CC4)cc3C2)cc(C(=O)NCc2cccnc2N2CCC(O)C2)n1C,8.2,1.1,
Cc1c(S(=O)(=O)N2Cc3ccnn3C(C)C2)cc(C(=O)NCc2cccnc2N2CCC(O)C2)n1C,0.0063,9.85,
Cc1c(S(=O)(=O)N2CCn3ncc(S(C)(=O)=O)c3C2)cc(C(=O)NCc2cccnc2N2CCC(O)C2)n1C,1.85,0.9,
Cc1c(S(=O)(=O)N2CCn3nccc3C2)cc(C(=O)NCc2cccc3c2OCCCO3)n1C,0.0331,6.6,
Cc1c(S(=O)(=O)N2CCn3nccc3C2)cc(C(=O)NCc2cccn3ncnc23)n1C,0.222,4.1,
Cc1c(S(=O)(=O)N2CCn3cncc3C2)cc(C(=O)NCc2cccc3ccncc23)n1C,0.00462,10.4,
"Cc1c(S(=O)(=O)N2CCn3cncc3C2)cc(C(=O)NCc2cccnc2N2C[C@@H](O)[C@H](F)C2)n1C |a:29,31|",0.00849,9.2,
Cc1c(S(=O)(=O)N2CCn3cncc3C2)cc(C(=O)NCc2cccnc2N2CCCC2)n1CCO,0.00347,9.4,
Cc1c(S(=O)(=O)N2CCn3cncc3C2)cc(C(=O)NCc2c(F)ccc3occc23)n1C,0.000634,12.45,0.5
Cc1c(S(=O)(=O)N2CCn3cncc3C2)cc(C(=O)NCc2cccc3cccnc23)n1C,0.0151,7.85,
Cc1c(S(=O)(=O)N2CCn3nc(C(F)(F)F)cc3C2)cc(C(=O)NCc2cccnc2N2CCC(O)C2)n1C,25,0.75,
Cc1c(S(=O)(=O)N2CCn3nc(C(F)(F)F)cc3C2)cc(C(=O)NCc2cccnc2N2CCC(F)(F)C2)n1C,14.65,0.25,
Cc1c(S(=O)(=O)N2CCn3nccc3C2)cc(C(=O)NCc2cccc3c2OCCO3)n1C,0.0145,7.85,
Cc1c(S(=O)(=O)N2CCn3cncc3C2)cc(C(=O)NCc2cccc3cnn(C)c23)n1C,0.000965,11.95,1.5
Cc1c(S(=O)(=O)N2CCn3cncc3C2)cc(C(=O)NCc2cccc3cnccc23)n1C,0.00249,10.1,
Cc1c(S(=O)(=O)N2CCn3cncc3C2)cc(C(=O)NCc2cccnc2N2CCC(N(C)C)C2)n1C,0.0164,6.85,
"Cc1c(S(=O)(=O)N2CCn3cncc3C2)cc(C(=O)NCc2cccnc2N2C[C@H](O)[C@H](F)C2)n1C |a:29,31|",0.00345,9.95,
Cc1c(S(=O)(=O)N2CCn3c(cnc3C)C2)cc(C(=O)NCc2cccnc2N2CCC(O)C2)n1C,0.101,4.35,
Cc1c(S(=O)(=O)N2CCn3cncc3C2)cc(C(=O)NCc2cccnc2N2CCC(F)(F)C2)n1CCO,0.00418,9.25,
Cc1c(S(=O)(=O)N2CCn3cncc3C2)cc(C(=O)NCc2c(F)ccc3c2CCO3)n1C,0.000534,13.75,0.42
Cc1c(S(=O)(=O)N2CCn3cncc3C2)cc(C(=O)NCc2cncnc2N2CCCC2)n1C,0.000467,13.2,
Cc1c(S(=O)(=O)N2CCn3cncc3C2)cc(C(=O)NCc2cccnc2N2CC(O)C(F)(F)C2)n1CCO,0.00618,8.7,
Cc1c(S(=O)(=O)N2CCc3c(cnn3C)C2)cc(C(=O)NCc2cccnc2N2CCCC2)n1C,0.0168,8.12,4.6
Cc1c(S(=O)(=O)N2CCc3n[nH]cc3C2)cc(C(=O)NCc2cccnc2N2CCCC2)n1C,0.000198,16.13,0.086
Cc1c(S(=O)(=O)N2CCn3cccc3C2)cc(C(=O)NCc2c(F)cccc2N2CCCC2)n1C,0.000289,14.32,0.31
Cc1c(S(=O)(=O)N2CCn3nccc3C2)cc(C(=O)NCc2c(F)cccc2N2CCC2)n1C,0.000185,13.05,0.54
Cc1c(S(=O)(=O)N2CCn3nccc3C2)cc(C(=O)NCC2CN(c3cc(C#N)ccn3)C2)n1C,0.254,5.6,
Cc1c(S(=O)(=O)N2CCn3nccc3C2)cc(C(=O)NCc2ccc(-c3nnn[nH]3)cc2)n1C,0.0163,7.4,
"Cc1c(S(=O)(=O)N2CCn3nccc3C2)cc(C(=O)N[C@H]2Cc3ccccc3[C@H]2O)n1C |a:20,28|",0.151,6,
"Cc1c(S(=O)(=O)N2CCn3nccc3C2)cc(C(=O)N[C@@H]2Cc3ccccc3[C@@H]2O)n1C |a:20,28|",6.25,3.5,
"Cc1c(S(=O)(=O)N2CCn3nccc3C2)cc(C(=O)N[C@H]2Cc3ccccc3[C@@H]2O)n1C |a:20,28|",0.00488,9,5.6
"Cc1c(S(=O)(=O)N2CCn3nccc3C2)cc(C(=O)N[C@@H]2Cc3ccccc3[C@H]2O)n1C |a:20,28|",4.93,3.2,
Cc1c(S(=O)(=O)N2CCc3nn(C)cc3C2)cc(C(=O)NCc2cccnc2N2CCCC2)n1C,0.16,4.55,
Cc1c(S(=O)(=O)N2CCn3nccc3C2)cc(C(=O)NCc2cccc3[nH]c(=O)oc23)n1C,0.0284,7.4,
Cc1c(S(=O)(=O)N2CCn3nccc3C2)cc(C(=O)NCc2c(F)cccc2N2CCC(F)C2)n1C,0.00158,12.4,
Cc1c(S(=O)(=O)N2CCn3nccc3C2)cc(C(=O)NCc2c(F)cccc2N2CCC(O)C2)n1C,0.0019,12.4,
Cc1c(S(=O)(=O)N2CCn3nccc3C2)cc(C(=O)NCC2CN(c3ccccn3)C2)n1C,1.98,3.6,
Cc1c(S(=O)(=O)N2CCn3nccc3C2)cc(C(=O)NCc2c(F)cccc2N2CC(F)(F)C2)n1C,0.00117,9,
Cc1c(S(=O)(=O)N2CCn3nccc3C2)cc(C(=O)NCc2c(F)cccc2N2CC(F)C2)n1C,0.00123,14.35,0.506
Cc1c(S(=O)(=O)N2CCn3nccc3C2)cc(C(=O)NCc2c(F)ccnc2N2CCC(F)C2)n1C,0.00164,13.1,
Cc1c(S(=O)(=O)N2CCc3c(cnn3C)C2)cc(C(=O)NCc2c(F)cccc2N2CCCC2)n1C,0.00357,10.7,
Cc1c(S(=O)(=O)N2CCc3nn(C)cc3C2)cc(C(=O)NCc2c(F)cccc2N2CCCC2)n1C,0.0178,7.5,
Cc1c(S(=O)(=O)N2CCn3cncc3C2)cc(C(=O)NCc2cccnc2N2CCC(F)C2)n1C,0.0055,10.2,
Cc1c(S(=O)(=O)N2CCn3nc(C#N)cc3C2)cc(C(=O)NCc2cccnc2N2CCC(O)C2)n1C,6.25,2.4,
Cc1c(S(=O)(=O)N2CCc3c[nH]nc3C2)cc(C(=O)NCc2cccnc2N2CCCC2)n1C,0.0125,8.7,
Cc1c(S(=O)(=O)N2CCn3nccc3C2)cc(C(=O)NCc2c(F)ccnc2N2CC(F)C2)n1C,0.00161,12.8,0.447
Cc1c(S(=O)(=O)N2CCn3nccc3C2)cc(C(=O)NCc2c(F)cccc2N2CC(F)C(F)C2)n1C,0.00154,12.5,
Cc1c(S(=O)(=O)N2CCn3nccc3C2)cc(C(=O)NCc2cccc3c2OCO3)n1C,0.041,7.9,
Cc1c(S(=O)(=O)N2CCn3cncc3C2)cc(C(=O)NCc2c(F)cccc2N2CCCC2)n1C,0.000858,14.5,0.122
Cc1c(S(=O)(=O)N2CCn3nccc3C2)cc(C(=O)NCc2c(F)cccc2N2CCCC2=O)n1C,0.0135,9.2,
Cc1c(S(=O)(=O)N2CCn3c(cnc3C3CCCCC3)C2)cc(C(=O)NCc2cccnc2N2CCC(O)C2)n1C,6.25,0.3,
Cc1c(S(=O)(=O)N2CCn3nc(C#N)cc3C2)cc(C(=O)NCc2cccnc2N2CCC(F)(F)C2)n1C,6.25,2.1,
Cc1c(S(=O)(=O)N2CCn3c(cnc3C(F)(F)F)C2)cc(C(=O)NCc2cccnc2N2CCC(O)C2)n1C,6.25,4.3,
Cc1c(S(=O)(=O)N2CCn3c(cnc3-c3ccccc3)C2)cc(C(=O)NCc2cccnc2N2CCC(O)C2)n1C,6.25,1.3,
Cc1c(S(=O)(=O)N2CCn3nccc3C2)cc(C(=O)NCc2cccnc2N2CCC(c3nnn[nH]3)C2)n1C,0.000262,13.2,
Cc1c(S(=O)(=O)N2CCn3nccc3C2)cc(C(=O)NCc2cccc3nncn23)n1C,6.25,4,
Cc1c(S(=O)(=O)N2CCn3cncc3C2)cc(C(=O)NCc2c(F)ccnc2N2CCCC2)n1C,0.00023,15.05,0.045
Cc1c(S(=O)(=O)N2CCn3nccc3C2)cc(C(=O)NCc2c(F)cccc2N2CCOC2=O)n1C,6.25,-0.7,
CCCC(NC(=O)c1cc(S(=O)(=O)N2CCn3nccc3C2)c(C)n1C)c1cccc2c1OCO2,1.51,4.6,
Cc1c(S(=O)(=O)N2CCn3nccc3C2)cc(C(=O)N2CCOc3cccc(C(=O)O)c3C2)n1C,6.25,-0.2,
Cc1c(S(=O)(=O)N2CCn3nccc3C2)cc(C(=O)N2CCOc3ccccc3C2)n1C,6.25,-0.2,
Cc1c(S(=O)(=O)N2CCn3nccc3C2)cc(C(=O)NCc2c(F)ccnc2N2CC(F)(F)C2)n1C,0.000934,11.6,
Cc1c(S(=O)(=O)N2CCn3nccc3C2)cc(C(=O)NCc2c(F)cccc2N2CCC(F)(F)C2)n1C,0.000838,11.4,
Cc1c(S(=O)(=O)N2CCn3nccc3C2)cc(C(=O)NCc2cccc3nccn23)n1C,0.0682,6.2,
Cc1c(S(=O)(=O)N2CCn3c(cnc3C3CC3)C2)cc(C(=O)NCc2cccnc2N2CCC(O)C2)n1C,6.25,0.3,
Cc1c(S(=O)(=O)N2Cc3cn(C)nc3C2)cc(C(=O)NCc2cccnc2N2CC[C@@H](O)C2)n1C |a:30|,6.25,0.6,
Cc1c(S(=O)(=O)N2Cc3cn(C)nc3C2)cc(C(=O)NCc2cccnc2N2CC[C@H](O)C2)n1C |a:30|,6.25,1.9,
Cc1c(S(=O)(=O)N2Cc3cnn(C)c3C2)cc(C(=O)NCc2cccnc2N2CC[C@@H](O)C2)n1C |a:30|,0.0838,8.3,
Cc1c(S(=O)(=O)N2Cc3cnn(C)c3C2)cc(C(=O)NCc2cccnc2N2CC[C@H](O)C2)n1C |a:30|,0.0538,8.5,
Cc1c(S(=O)(=O)N2CCc3cnn(C)c3C2)cc(C(=O)NCc2cccnc2N2CCCC2)n1C,0.0222,10.1,
Cc1c(S(=O)(=O)N2CCn3nccc3C2)cc(C(=O)NCc2cccc3oc(=O)n(C)c23)n1C,0.0119,11.3,
Cc1c(S(=O)(=O)N2CCc3cn(C)nc3C2)cc(C(=O)NCc2cccnc2N2CCCC2)n1C,6.25,2.2,
Cc1c(S(=O)(=O)N2CCn3nccc3C2)cc(C(=O)NCc2ccccc2C2CCCN2C)n1C,0.526,4.7,
Cc1c(S(=O)(=O)N2CCn3nccc3C2)cc(C(=O)NCc2c(F)cccc2N2CC(O)C(F)C2)n1C,0.0024,14.2,
Cc1c(S(=O)(=O)N2CCn3nccc3C2)cc(C(=O)NCc2cccc3c2CCC(=O)O3)n1C,6.25,1.1,
Cc1c(S(=O)(=O)N2CCn3nccc3C2)cc(C(=O)NCc2cccc3c2CCCO3)n1C,0.00745,12,
Cc1c(S(=O)(=O)N2CCn3nccc3C2)cc(C(=O)NCc2ccccc2-c2nnn[nH]2)n1C,0.028,9.5,
Cc1c(S(=O)(=O)n2ncc3ccccc32)cc(C(=O)NCc2c(F)ccnc2N2CCCC2)n1C,0.018,4.2,
Cc1c(S(=O)(=O)N2CCc3n[nH]cc3C2)cc(C(=O)NCc2c(F)cccc2N2CCCC2)n1C,0.00039,20.15,0.0435
CC(=O)N1CCN(S(=O)(=O)c2cc(C(=O)NCc3cccnc3N3CCCC3)n(C)c2C)CC1,1.85,1.25,
Cc1c(S(=O)(=O)N2CCc3n[nH]cc3C2)cc(C(=O)NCc2cccc3ccoc23)n1C,0.00128,15,
Cc1c(S(=O)(=O)N2CCc3n[nH]cc3C2)cc(C(=O)NCc2c(F)ccc3cnn(C)c23)n1C,0.00025,23.7,0.0087
Cc1c(S(=O)(=O)N2CCn3nccc3C2)cc(C(=O)NCc2c(F)ccc3cnn(C)c23)n1CCO,0.00249,13.2,>1
Cc1c(S(=O)(=O)N2CCn3nccc3C2)cc(C(=O)NCc2cccc3c2CC(C)(C)O3)n1C,0.0431,9.2,
Cc1c(S(=O)(=O)N2CCn3c(cnc3CO)C2)cc(C(=O)NCc2cccnc2N2CCC(O)C2)n1C,0.938,2.5,
Cc1c(S(=O)(=O)N2CCn3nccc3C2)cc(C(=O)NCc2cccc3ncnn23)n1C,0.501,6,
Cc1c(S(=O)(=O)N2CCc3cncn3CC2)cc(C(=O)NCc2cccnc2N2CCCC2)n1C,6.25,1.5,
Cc1noc(C)c1-c1cccc(CNC(=O)c2cc(S(=O)(=O)N3CCn4nccc4C3)c(C)n2C)c1,0.0296,11.1,
Cc1c(S(=O)(=O)N2CCn3nccc3C2)cc(C(=O)NCc2ccccc2C2CCCN2)n1C,2.4,2.8,
Cc1c(S(=O)(=O)N2CCn3nccc3C2)cc(C(=O)NCc2ccccc2Cc2cn[nH]c2)n1C,0.0445,9,
Cc1c(S(=O)(=O)N2CCn3nccc3C2)cc(C(=O)NCc2cccnc2CN(C)C)n1C,6.25,2.8,
Cc1c(S(=O)(=O)N2CCn3c(cnc3C(N)=O)C2)cc(C(=O)NCc2cccnc2N2CCC(O)C2)n1C,6.25,1.7,
C=CC(=O)Nc1cccc(CNC(=O)c2cc(S(=O)(=O)N3CCn4nccc4C3)c(C)n2C)c1,0.0386,9.1,
C=CC(=O)Nc1ccccc1CNC(=O)c1cc(S(=O)(=O)N2CCn3nccc3C2)c(C)n1C,0.241,6.2,
Cc1c(S(=O)(=O)N2CCn3nccc3C2)cc(C(=O)NCc2ccc(CN)cc2)n1C,6.25,0.8,
Cc1c(S(=O)(=O)N2CCn3nccc3C2)cc(C(=O)NCc2nccc3c2CCO3)n1C,0.551,5.9,
Cc1c(S(=O)(=O)N2CCn3nccc3C2)cc(C(=O)NCc2cccc3c2ncn3C)n1C,0.122,9.4,
Cc1c(S(=O)(=O)N2CCn3nccc3C2)cc(C(=O)NCc2nccn3ccnc23)n1C,1.76,3.4,
Cc1c(S(=O)(=O)N2CCn3nccc3C2)cc(C(=O)NCc2cccc(NC(=O)CCl)c2)n1C,0.0429,9.4,
Cc1c(S(=O)(=O)N2CCn3nccc3C2)cc(C(=O)NCc2ccc(CNC(=O)CCl)cc2)n1C,6.25,2.8,
Cc1c(S(=O)(=O)N2CCn3nccc3C2)cc(C(=O)Nc2cccc(CN)c2)n1C,6.25,1.3,
Cc1c(S(=O)(=O)N2CCn3nccc3C2)cc(C(=O)NCc2cccc(CNC(=O)CCl)c2)n1C,6.25,4.5,
Cc1c(S(=O)(=O)N2CCc3n[nH]cc3C2)cc(C(=O)NCc2cccc3ncn(C)c23)n1C,0.00112,20.9,0.0487
CC(=O)N1CCC(NC(=O)c2cc(S(=O)(=O)N3CCn4nccc4C3)c(C)n2C)CC1,6.25,1.3,
Cc1c(S(=O)(=O)N2CCn3c(cnc3C(F)F)C2)cc(C(=O)NCc2cccnc2N2CCC(O)C2)n1C,0.52,5.1,
Cc1c(S(=O)(=O)N2CCc3[nH][nH]c(=O)c3C2)cc(C(=O)NCc2cccnc2N2CCCC2)n1C,0.209,7.4,
Cc1n[nH]c2c1CN(S(=O)(=O)c1cc(C(=O)NCc3cccc4cnn(C)c34)n(C)c1C)C2,0.0381,11.2,
Cc1c(S(=O)(=O)N2CCC(C)CC2)cc(C(=O)NCc2c(F)ccc3cnn(C)c23)n1C,0.0058,12.8,>1
Cc1c(S(=O)(=O)N2CCn3nccc3C2)cc(C(=O)NCc2c(F)ccc3ncn(C)c23)n1C,0.00107,17,0.085
Cc1c(S(=O)(=O)N2Cc3ccnn3C(C)C2)cc(C(=O)NCc2cccc3cnn(C)c23)n1C,0.00339,14.6,1
Cc1c(S(=O)(=O)N2CCn3cnc(C(=O)O)c3C2)cc(C(=O)NCc2cccnc2N2CCC(O)C2)n1C,6.25,1.5,
CCn1c(C(=O)NCc2c(F)ccc3cnn(C)c23)cc(S(=O)(=O)N2CCn3nccc3C2)c1C,0.00165,16.9,0.15
"Cc1c(S(=O)(=O)N2CCn3nccc3C2)cc(C(=O)N[C@H]2Cc3ccccc3C[C@@H]2O)n1C |a:20,29|",4.15,5.8,
"Cc1c(S(=O)(=O)N2CCn3nccc3C2)cc(C(=O)N[C@@H]2Cc3ccccc3C[C@H]2O)n1C |a:20,29|",0.427,8.5,
Cc1c(S(=O)(=O)N2CCc3[nH]nc(C(=O)N(C)C)c3C2)cc(C(=O)NCc2cccnc2N2CCCC2)n1C,6.25,1.7,
Cc1c(S(=O)(=O)N2CCC(C(F)F)CC2)cc(C(=O)NCc2c(F)ccc3cnn(C)c23)n1C,0.00601,10.2,>1
Cc1c(S(=O)(=O)N2Cc3c[nH]nc3C(F)(F)C2)cc(C(=O)NCc2cccc3cnn(C)c23)n1C,0.00287,15.2,0.504
Cc1c(S(=O)(=O)N2CCn3nccc3C2)cc(C(=O)NC2CCN(C(C)C)c3ccccc32)n1C,0.339,6.9,
Cc1c(S(=O)(=O)N2CCC(C(F)(F)F)CC2)cc(C(=O)NCc2c(F)ccc3cnn(C)c23)n1C,0.00191,11.2,>1
Cc1c(S(=O)(=O)N2Cc3c[nH]nc3C(C)C2)cc(C(=O)NCc2cccc3cnn(C)c23)n1C,0.000773,21,0.021
Cc1c(S(=O)(=O)N2Cc3c[nH]nc3C(CO)C2)cc(C(=O)NCc2cccc3cnn(C)c23)n1C,0.00439,13.2,>1
Cc1c(S(=O)(=O)N2Cc3cn[nH]c3C2)cc(C(=O)NCc2c(F)ccc3cnn(C)c23)n1C,0.00263,15.2,0.349
Cc1c(S(=O)(=O)N2CCc3ocnc3C2)cc(C(=O)NCc2cccnc2N2CCCC2)n1C,6.25,5.8,
Cc1c(S(=O)(=O)N2CCn3nccc3C2)cc(C(=O)NCc2c(F)ccc3c2OCO3)n1C,0.0101,12.2,
Cc1c(S(=O)(=O)N2CCc3n[nH]cc3C2)cc(C(=O)NCc2c(F)ccc3c2CCO3)n1C,0.00035,18.9,0.0159
Cc1c(S(=O)(=O)N2CCc3n[nH]cc3C2)cc(C(=O)NCc2cccc3cnn(C)c23)n1C,0.000179,18.43,0.0179
Cc1c(S(=O)(=O)N2CCc3n[nH]cc3C2)cc(C(=O)NCc2c(F)ccc3occc23)n1C,0.000126,19.98,0.018